<?xml version="1.0" encoding="UTF-8" standalone="yes"?>
<addon id="repository.chikiry" name="[COLOR lime]chikirywizard[/COLOR] Repo" version="1.0.1" provider-name="chikiry">
    <extension point="xbmc.addon.repository" name="chikiry">
        <info>https://raw.githubusercontent.com/chikirywizard/chikiry/master/Repositorio/addons.xml</info>
        <checksum>https://raw.githubusercontent.com/chikirywizard/chikiry/master/Repositorio/addons.xml.md5</checksum>
        <datadir zip="true">https://raw.githubusercontent.com/chikirywizard/master/Repositorio/</datadir>
    </extension>
    <extension point="xbmc.addon.metadata">
        <summary>Repositorio para wizardchikiry</summary>
        <description></description>
        <disclaimer></disclaimer>
        <platform>all</platform>
    </extension>
</addon>
